Workbook

Sheet 参数和FLOPs对比
A1: 模型 | B1: 批处理大小 | C1: 参数量 | D1: FLOPs（单批前向）
A2: logistic（LogisticRegression，100→2 类） | B2: ='logistic'!B4 | C2: ='logistic'!B11 | D2: ='logistic'!B12
A3: NN（MLPClassifier，100→20→2） | B3: ='NN'!B5 | C3: ='NN'!B13 | D3: ='NN'!B14
A4: ShapNN（logistic 场景，100→2，batch=1） | B4: ='ShapNN_log'!B4 | C4: ='ShapNN_log'!B11 | D4: ='ShapNN_log'!B12
A5: ShapNN（NN 场景，100→20→2，batch=1） | B5: ='ShapNN_NN'!B5 | C5: ='ShapNN_NN'!B13 | D5: ='ShapNN_NN'!B14
A6: conv（CShapNN，5×5 卷积 stride=5 → 20 → 2） | B6: ='conv'!B10 | C6: ='conv'!B19 | D6: ='conv'!B20
A8: 注：FLOPs = 批处理大小 × 每样本前向 FLOPs（口径见「FLOPs计算方法」页）；树/随机森林/KNN/SVM/NB 无学习权重，不适用卷积/FC 口径。
A9: 注：批处理大小可改各模型页黄色参数格；三种算法总开销见「算法总开销」页。

Sheet Sheet

Sheet logistic
A1: 参数设置（修改黄色单元格后自动重算）
A2: 输入维度 d | B2: 100
A3: 类别数 C | B3: 2
A4: 批处理大小 | B4: 256
A7: 模块名称 | B7: 输入维度 | C7: 输出维度 | D7: 参数量 | E7: FC FLOPs(每样本) | F7: softmax FLOPs(每样本) | G7: 总FLOPs(每样本)
A8: FC（d→C） | B8: =B2 | C8: =B3 | D8: =B8*C8+C8 | E8: =C8*(2*B8-1) | F8: =3*C8-1 | G8: =E8+F8
A9: 合计 | D9: =SUM(D8:D8) | E9: =SUM(E8:E8) | F9: =SUM(F8:F8) | G9: =SUM(G8:G8)
A11: 参数量合计 | B11: =D9
A12: 单批前向 FLOPs（×批处理大小） | B12: =B4*G9
A13: 注：sklearn LogisticRegression（solver=liblinear，shap_utils.py return_model）；softmax 为 predict_proba 内部运算（3C−1）。

Sheet NN
A1: 参数设置（修改黄色单元格后自动重算）
A2: 输入维度 d | B2: 100
A3: 隐藏层维度 h | B3: 20
A4: 类别数 C | B4: 2
A5: 批处理大小 | B5: 256
A8: 模块名称 | B8: 输入维度 | C8: 输出维度 | D8: 参数量 | E8: FC FLOPs(每样本) | F8: relu FLOPs(每样本) | G8: softmax FLOPs(每样本) | H8: 总FLOPs(每样本)
A9: FC1（d→h）+relu | B9: =B2 | C9: =B3 | D9: =B9*C9+C9 | E9: =C9*(2*B9-1) | F9: =C9 | H9: =E9+F9
A10: FC2（h→C）+softmax | B10: =B3 | C10: =B4 | D10: =B10*C10+C10 | E10: =C10*(2*B10-1) | F10: 0 | G10: =3*C10-1 | H10: =E10+F10+G10
A11: 合计 | D11: =SUM(D9:D10) | E11: =SUM(E9:E10) | F11: =SUM(F9:F10) | G11: =SUM(G9:G10) | H11: =SUM(H9:H10)
A13: 参数量合计 | B13: =D11
A14: 单批前向 FLOPs（×批处理大小） | B14: =B5*H11
A15: 注：sklearn MLPClassifier（solver=adam，activation=relu），默认 hidden_layer_sizes=(20,)；输出层线性 + softmax。

Sheet ShapNN_log
A1: 参数设置（修改黄色单元格后自动重算）
A2: 输入维度 d | B2: 100
A3: 类别数 C | B3: 2
A4: 批处理大小 | B4: 1
A7: 模块名称 | B7: 输入维度 | C7: 输出维度 | D7: 参数量 | E7: FC FLOPs(每样本) | F7: softmax FLOPs(每样本) | G7: 总FLOPs(每样本)
A8: FC（d→C） | B8: =B2 | C8: =B3 | D8: =B8*C8+C8 | E8: =C8*(2*B8-1) | F8: =3*C8-1 | G8: =E8+F8
A9: 合计 | D9: =SUM(D8:D8) | E9: =SUM(E8:E8) | F9: =SUM(F8:F8) | G9: =SUM(G8:G8)
A11: 参数量合计 | B11: =D9
A12: 单批前向 FLOPs（×批处理大小） | B12: =B4*G9
A13: 注：ShapNN（Shapley.py _build_model），hidden_units=[]（logistic 场景），_g_shap 中 batch_size=1。

Sheet ShapNN_NN
A1: 参数设置（修改黄色单元格后自动重算）
A2: 输入维度 d | B2: 100
A3: 隐藏层维度 h | B3: 20
A4: 类别数 C | B4: 2
A5: 批处理大小 | B5: 1
A8: 模块名称 | B8: 输入维度 | C8: 输出维度 | D8: 参数量 | E8: FC FLOPs(每样本) | F8: relu FLOPs(每样本) | G8: softmax FLOPs(每样本) | H8: 总FLOPs(每样本)
A9: FC1（d→h）+relu | B9: =B2 | C9: =B3 | D9: =B9*C9+C9 | E9: =C9*(2*B9-1) | F9: =C9 | H9: =E9+F9
A10: FC2（h→C）+softmax | B10: =B3 | C10: =B4 | D10: =B10*C10+C10 | E10: =C10*(2*B10-1) | F10: 0 | G10: =3*C10-1 | H10: =E10+F10+G10
A11: 合计 | D11: =SUM(D9:D10) | E11: =SUM(E9:E10) | F11: =SUM(F9:F10) | G11: =SUM(G9:G10) | H11: =SUM(H9:H10)
A13: 参数量合计 | B13: =D11
A14: 单批前向 FLOPs（×批处理大小） | B14: =B5*H11
A15: 注：ShapNN（Shapley.py _build_model），hidden_units=(20,)（NN 场景），_g_shap 中 batch_size=1。

Sheet conv
A1: 参数设置（修改黄色单元格后自动重算）
A2: 输入行数 n | B2: 100
A3: 输入列数 d | B3: 100
A4: 核尺寸 k | B4: 5
A5: 步长 s | B5: 5
A6: 输入通道 | B6: 1
A7: 输出通道 | B7: 1
A8: 隐藏层维度 h | B8: 20
A9: 类别数 C | B9: 2
A10: 批处理大小 | B10: 256
A13: 模块名称 | B13: 输出尺寸大小(每样本) | C13: 参数量 | D13: 卷积FLOPs(每样本) | E13: FC FLOPs(每样本) | F13: relu FLOPs(每样本) | G13: softmax FLOPs(每样本) | H13: 总FLOPs(每样本)
A14: 卷积（k×k，SAME，stride s）+relu | B14: =ROUNDUP(B2/B5,0)*ROUNDUP(B3/B5,0) | C14: =B7*(B6*B4*B4)+B7 | D14: =B7*B14*(2*B6*B4*B4+1) | F14: =B14 | H14: =D14+F14
A15: FC1（→h）+relu | B15: =B14 | C15: =B8*B15+B8 | E15: =B8*(2*B15-1) | F15: =B8 | H15: =E15+F15
A16: FC2（h→C）+softmax | B16: =B8 | C16: =B9*B16+B9 | E16: =B9*(2*B16-1) | F16: 0 | G16: =3*B9-1 | H16: =E16+F16+G16
A17: 合计 | C17: =SUM(C14:C16) | D17: =SUM(D14:D16) | E17: =SUM(E14:E16) | F17: =SUM(F14:F16) | G17: =SUM(G14:G16) | H17: =SUM(H14:H16)
A19: 参数量合计 | B19: =C17
A20: 单批前向 FLOPs（×批处理大小） | B20: =B10*H17
A21: 注：CShapNN（Shapley.py _build_model）：输入 (n,d) reshape 为 (n,d,1)，conv2d SAME+stride，global_averaging=False 时 flatten 后接 dense；relu 含卷积输出与 FC1 输出。

Sheet 算法总开销
A1: 参数设置（修改黄色单元格后自动重算）
A2: n（训练样本数） | B2: 1000
A3: d（特征维度） | B3: 100
A4: |X_test|（测试样本数） | B4: 1000
A5: n_iter（liblinear 平均迭代次数） | B5: 20
A6: TMC 迭代次数 | B6: 100
A7: 截断比例 α（平均使用前 α·n 个样本） | B7: 0.6
A8: G 迭代轮数 | B8: 100
A9: 单样本前向 FLOPs f（logistic，引用 logistic 页） | B9: ='logistic'!G9
A10: 单次 fit 成本 C(n)=n_iter×2×n×d | B10: =B5*2*B2*B3
A13: 算法 | B13: 训练成本(FLOPs) | C13: 评估成本(FLOPs) | D13: 合计(FLOPs) | E13: 占比
A14: LOO（留一法） | B14: =(B2+1)*B10 | C14: =(B2+1)*B4*B9 | D14: =B14+C14 | E14: =D14/$D$17
A15: TMC（截断蒙特卡洛） | B15: =B6*(B5*2*B3*B7*B2*(B7*B2+1)/2) | C15: =B6*B7*B2*B4*B9 | D15: =B15+C15 | E15: =D15/$D$17
A16: G-Shapley（梯度近似） | B16: =160*B2*3*B9+B8*B2*3*B9 | C16: =B8*B2*B4*B9 | D16: =B16+C16 | E16: =D16/$D$17
A17: 总计 | B17: =SUM(B14:B16) | C17: =SUM(C14:C16) | D17: =SUM(D14:D16) | E17: =SUM(E14:E16)
A19: 注：G 训练成本含学习率搜索（8 个 lr × 10 次 × 2 fit = 160 次小训练）与主循环 n 步（每步 1 样本 train_op ≈ 3×f）；评估为每步一次全测试集前向（|X_test|×f）。
A20: 注：TMC 每迭代 = Σ_{k=1..α·n} C(k) + α·n 次测试评估；LOO = (n+1) 次 fit + (n+1) 次评估。

Sheet FLOPs计算方法
A1: 计算依据（与 C3D-I3D-LSTM网络结构与参数量-FLOPs.xlsx 一致）
A2: https://github.com/Lyken17/pytorch-OpCounter/blob/master/thop/count_hooks.py
A4: 层类型 | B4: 参数量 | C4: FLOPs(每样本)
A5: Conv layer | B5: 输出通道数×(输入通道数×核尺寸²)+输出通道数 | C5: 输出通道数×输出宽×输出高×(2×输入通道数×核尺寸²+1)
A6: FC layer | B6: 输出维度×输入维度+输出维度 | C6: 输出维度×(2×输入维度−1)
A7: relu layer | B7: 0 | C7: 元素数
A8: softmax layer | B8: 0 | C8: 3×类别数−1
A9: sigmoid layer | B9: 0 | C9: 3×元素数
A10: tanh layer | B10: 0 | C10: 7×元素数
A11: BN layer | B11: 0 | C11: 4×元素数
A13: 汇总：FLOPs = 批处理大小 × 每样本 FLOPs。
A15: 算法级（本仓库口径，详见各模型页与算法总开销页）
A16: 单次 fit（logistic，规模 k） | B16: C(k) ≈ n_iter × 2 × k × d | C16: liblinear 坐标下降，n_iter 为内部迭代次数
A17: LOO | B17: (n+1)×C(n) + (n+1)×|X_test|×f | C17: 1 次全量 fit + n 次删一 fit，每次 fit 后一次测试评估
A18: TMC | B18: T×[Σ_{k=1..αn} C(k) + αn×|X_test|×f] | C18: 每次迭代从 1 个样本累加到 αn 个样本，逐次重训
A19: G-Shapley | B19: 160×n×3f + T_g×n×(3f + |X_test|×f) | C19: 160 次学习率搜索小训练 + 每轮 n 步(1 样本训练+全测试集评估)
A20: 神经网络训练 | B20: ≈ 3 × 前向 FLOPs × 样本数 × epochs | C20: 前向+反向+参数更新
